name,type,address,city,latitude,longitude,Monthly_Revenue,Customer_Count,Growth_Rate,Digital_Marketing_Reach,Customer_Engagement,Funding_Available,Operating_Months,Team_Size,Innovation_Score,Sustainability_Index,Competition_Level,Founder_Experience,Local_Economy_Index,Social_Sentiment,success_score,success_label
Central Theater,theatre,,,11.0157841,76.9554227,47885,446,5.3,12297,4,29565,8,10,9,4,High,14,6,7,66.43089148705373,1
SREC Canteen,restaurant,,,11.1017133,76.9664263,31575,49,18.1,18796,9,71657,57,7,6,3,Medium,4,10,9,71.75791337454665,1
Annapoorna Hotel,restaurant,,,11.0234529,76.9780253,15968,336,11.5,11668,5,46263,43,12,1,6,High,6,5,5,40.22795606480818,0
Oasis,restaurant,,,11.2919243,76.9397742,37625,101,12.1,9574,10,15275,41,13,7,4,High,4,1,3,64.07238501248573,1
,restaurant,,,11.1714219,76.9527949,17514,314,21.0,1629,9,74185,56,18,1,8,Medium,12,2,9,53.379366045615896,0
Adyar Ananda Bhavan,restaurant,Bharathiyar Road,Coimbatore,11.0163701,76.9711837,24834,305,13.9,7163,4,47016,39,8,1,1,Medium,6,7,3,42.09807740326207,0
Reliance Fresh,supermarket,,,11.0787956,77.0040591,17754,204,16.1,7585,4,19152,2,7,8,9,Low,2,1,7,49.8622749269125,0
Uzhavar Sandhai,supermarket,,,11.0143296,76.9444254,4243,164,9.1,17786,3,42448,6,7,5,10,Low,12,2,10,38.914373479251545,0
Sunday Market,supermarket,,,11.0087589,76.9667366,25511,242,24.4,14001,3,1389,34,4,7,8,High,5,3,7,62.3989824775109,1
Sri Angannan Briyani Hotel,restaurant,,,10.9977025,76.9615688,39253,372,11.1,18946,10,34681,54,5,5,5,Medium,3,10,7,69.10908403162871,1
Maruti Theatre,cinema,,,11.0143859,76.9539019,44214,307,6.0,17202,6,80798,37,2,4,6,Low,8,6,3,57.878676944930206,0
,cafe,,,11.2993517,76.9356519,34011,168,16.9,9611,8,26157,40,13,2,4,High,12,2,7,62.40046974151737,1
,tea,,,11.3581487,76.929697,38476,312,5.9,11278,10,68525,53,7,6,6,High,4,2,9,64.0622040522357,1
,bar,,,11.0436679,76.9846892,2448,418,15.2,1095,1,57941,47,16,8,5,Medium,4,3,10,37.422807804821275,0
,restaurant,,,11.0435205,76.9846355,32919,144,5.0,15419,2,29664,38,11,9,9,High,14,9,1,49.526565543404935,0
Anandhas,restaurant,,,11.0171625,76.9686043,13689,318,17.1,16725,4,73475,32,16,2,8,Medium,8,9,5,46.646570135538035,0
Delhi Sweet,restaurant,,,11.0121503,76.962482,3897,33,23.2,12046,8,74737,53,2,10,6,High,8,6,7,52.82549427357477,0
Shanti,cinema,,,10.9986469,76.968379,35275,389,13.7,10153,1,1547,7,20,1,1,High,4,4,2,49.747124586240275,0
Sathyam Grand,supermarket,,,11.0058177,76.9759689,6978,380,5.4,14124,10,34622,60,16,1,2,Medium,8,7,10,41.28415037038627,0
Archana,cinema,,,11.006464,76.9566829,30393,57,10.7,8027,4,95005,38,14,9,7,Low,10,3,5,55.36338529493064,0
Coffe Day,cafe,,,11.01713,76.9580749,29527,320,23.0,17050,8,17100,23,10,9,1,High,4,1,8,75.1189280127938,1
Spencers,supermarket,Patel Road,,11.0170651,76.9579314,17019,129,23.1,11413,7,24668,49,1,3,2,Medium,3,7,5,51.36605347052458,0
Venu,restaurant,,,11.0186,76.9618837,6080,175,14.8,12933,1,75005,31,8,3,1,Medium,12,1,9,37.57851408442471,0
Kerpagam Complex,cinema,,,11.0193688,76.9639329,49057,146,15.1,16917,7,16096,35,15,7,1,High,6,10,10,82.65683009459777,1
Subbu Mess,restaurant,Opp to Gandhi puram Town Bus Stand,,11.016231,76.9681587,21363,222,14.3,703,5,78514,45,1,8,4,Low,3,6,7,47.00029939088162,0
Nilgiris Supermarket,supermarket,,,11.0442658,76.9850922,17785,68,7.9,4079,9,74181,50,9,4,7,Medium,9,6,7,43.066939375631875,0
RV Bakery,cafe,,,11.0135185,76.9864839,4958,220,20.0,10898,4,41851,24,17,8,6,Medium,10,1,2,43.183064182334405,0
RV Bakery,cafe,,,11.0138661,76.9868809,3208,61,23.5,16068,3,73564,3,17,8,3,Medium,10,1,6,50.34870480567706,0
TASMAC,bar,,,11.0138871,76.9866502,10331,313,6.7,6128,5,56312,35,17,4,9,Medium,10,9,2,30.914644176915683,0
Anjappar,restaurant,,,11.016383,76.9713884,28270,393,7.4,10986,10,74359,2,13,10,9,Low,1,4,9,63.46980950304171,1
Aiswarya Bakery,cafe,,,11.0409149,76.9823129,17548,27,17.5,15668,9,50731,28,17,5,3,High,4,9,5,57.38885430398333,0
Papu's Restarunt,restaurant,,,11.0405531,76.982219,32641,96,16.8,19879,9,8528,15,11,7,4,Low,4,10,1,66.00705575814149,1
Velu Restaruents,restaurant,,,11.0390001,76.9797003,49987,92,21.0,4428,4,85590,58,18,4,6,High,5,2,9,75.51910393905985,1
Thai Unavagam,restaurant,,,11.039397,76.9804676,44123,37,6.7,2104,6,58158,55,15,3,7,Low,4,3,3,53.05855765235255,0
KR Restarunt,restaurant,,,11.0375822,76.9788671,37184,355,18.7,9400,2,76279,15,20,9,4,High,15,4,6,67.70640416832121,1
KR Restarunt,restaurant,,,11.0360464,76.9784073,44409,212,23.0,12608,5,96395,58,2,2,4,Low,13,2,7,70.31291716501798,1
,cafe,,,11.0355192,76.9782912,30428,173,10.6,6922,2,77040,49,6,3,7,High,11,6,2,41.75411798712448,0
Coffee world,cafe,Ranga utsav,coimbatore,11.0403712,76.9819973,39058,168,19.6,12659,9,44168,58,5,6,4,High,12,5,4,69.62180181494877,1
,cafe,,,11.0399209,76.9810736,9483,259,9.8,16958,6,49445,11,8,4,9,Low,14,5,6,40.97837301216408,0
Restaurent,restaurant,,,11.0418607,76.9824576,28240,417,21.8,12083,2,66665,33,2,1,6,Low,8,9,8,54.76856849987571,0
Restaurent,restaurant,,,11.0375434,76.9791006,43150,109,20.4,19793,6,39596,50,15,7,6,High,14,8,7,80.2021697655623,1
KR Bakery,bakery,,,11.0405153,76.9821683,41747,439,18.0,18640,8,83849,33,13,7,10,Medium,12,4,6,77.22198534643962,1
,bakery,,,11.012733,76.9860808,24635,76,8.7,13699,6,92002,58,6,1,6,High,7,8,5,44.57427490341635,0
,bakery,,,11.0149293,76.9884834,11214,47,9.7,18046,3,62322,51,14,6,3,Low,15,7,3,40.1556422204904,0
Ganesh Mess,restaurant,,,11.0139349,76.9869724,8885,42,16.6,11747,5,72999,16,6,1,9,Medium,9,1,10,42.888157682990155,0
Veg Hotel,restaurant,,,11.0409231,76.9823012,29121,371,20.7,9359,8,48904,56,1,5,6,High,4,3,5,59.890289061985825,0
Swagat Restaurent,restaurant,,,10.8943606,76.931817,36577,485,10.7,4755,5,57416,35,2,10,10,Medium,3,10,8,60.0535396012425,1
Lakshi Iyengar Bakery,cafe,,,11.0362691,76.9782191,49957,390,11.5,8863,8,76486,41,2,2,2,High,9,6,9,68.12071048525739,1
Amirtha Bakery,cafe,,,10.8843224,76.9104409,39030,108,9.5,19676,7,46511,57,20,8,9,Medium,15,2,7,71.78878487037483,1
Avin Milk Shop and Store,cafe,,,11.0164165,76.9700043,3357,80,24.6,6970,1,8466,53,6,1,10,High,2,2,3,32.02354511104431,0
Winner Bakery,bakery,,,11.3019326,76.9377118,19386,382,23.9,7723,1,33603,17,5,4,4,Low,7,5,9,51.814131094010264,0
,cinema,,,11.0070121,76.9541249,47775,148,18.7,6266,7,3536,17,17,8,1,High,14,2,9,79.801419823078,1
Boomerang Ice Creams,restaurant,Grey Town,,11.0057376,76.9692491,10640,194,18.3,6550,5,75943,1,15,1,6,Low,6,6,1,36.122486848304526,0
Bon Bon Ice Creams,restaurant,Mariamman Koil Street,,11.0169245,76.9679214,4351,431,16.2,6808,10,26887,47,3,2,5,Medium,3,4,7,39.168339336614814,0
Bon Bon Ice Creams,restaurant,DB road,,11.0068841,76.9508118,32054,405,23.5,14028,5,56491,18,9,2,10,Medium,11,3,5,62.52380473478581,1
Sree Annapoorna,restaurant,,,11.0255643,76.9424098,8419,50,11.7,1905,4,5689,42,2,8,3,Low,8,6,2,30.709528456831475,0
K R Bakes,cafe,,,11.0261026,76.9424961,5271,217,11.2,7249,5,50145,43,18,5,10,Medium,8,8,5,35.783515139294536,0
RHR Restaurant,restaurant,,,10.9974403,76.9992745,25130,416,15.4,9956,3,6606,9,14,4,1,High,6,3,3,48.40505064378781,0
Annapoorna,restaurant,Mettupalayam Road,,11.0192445,76.9534223,44566,438,20.4,15365,3,30586,26,13,6,1,Low,1,5,9,76.47452360552504,1
K R Restaurant,restaurant,,,11.0277881,76.951033,15724,447,5.6,4568,8,4251,14,7,7,9,Low,14,1,2,36.528927822466684,0
Achi mess,restaurant,,,11.0189624,76.9569345,38908,395,23.9,3258,7,8693,6,18,10,6,Low,5,5,4,73.49543843488111,1
All Seasons restaurant,restaurant,,,11.0265689,76.9445302,10726,181,18.3,10226,9,27176,59,2,7,8,Medium,3,1,5,48.7749396498096,0
K R Bakes,cafe,,,11.0274948,76.9508487,48039,421,17.2,15934,8,27243,17,9,4,6,High,2,2,8,77.63141171438461,1
Cafe Coffee Day,cafe,,,11.0095371,76.9475317,7171,163,8.2,2694,10,23487,10,12,2,3,Low,5,3,10,37.9311107034767,0
Annapoorna Gowrishankar,restaurant,,,11.0164583,76.9653103,4969,248,13.7,17723,1,39758,38,8,4,6,Low,11,5,4,34.32113302859566,0
Aryaas,restaurant,,,11.0172955,76.9656697,2578,79,6.1,14776,10,55915,37,1,3,6,Medium,4,7,6,33.34010089063971,0
Aryaas bakery,bakery,,,11.0172902,76.965557,17396,48,15.7,12722,6,49821,12,15,1,1,High,6,10,3,44.86603092265551,0
Giriyaas,supermarket,,,11.0168427,76.960139,22852,61,8.8,15108,8,80090,6,6,9,6,Low,9,2,4,53.11197439841927,0
Alapenos,restaurant,,,11.01649,76.9736427,9776,369,6.6,712,3,24117,16,9,6,1,High,11,8,2,25.731800382302065,0
Lalitas (Veg),restaurant,,,11.0521017,76.9458891,33175,96,13.2,875,9,90486,45,18,10,6,High,7,9,10,67.7270479899596,1
Perl Ayyappas (Veg),restaurant,,,11.0456549,76.9469608,5665,38,11.2,7201,2,50403,4,10,5,5,Medium,6,6,1,27.035331538690794,0
Rayappas,restaurant,Bharathiyar road,,11.0163173,76.971581,33245,375,7.9,6129,2,43437,2,5,10,2,Medium,5,4,9,54.91911676213924,0
Aruljothi,restaurant,Ramanathapuram,,10.9973601,76.9926261,24354,254,8.2,4101,8,60160,52,15,1,8,High,5,8,1,39.41746060288194,0
Little Italy,restaurant,Tax office bus stop,,10.9984087,76.9879637,8364,436,18.5,12897,2,46836,7,8,4,7,Low,10,8,2,37.11968838509219,0
Shri Kannan Departmental Store,supermarket,Trichy road,,10.9956861,76.9775409,29279,161,22.2,17026,1,58961,17,2,1,2,Low,8,2,6,55.29325520142905,0
Reliance Fresh,supermarket,,,11.0253397,76.9376421,12795,244,23.5,3089,6,24336,15,20,6,10,High,2,8,8,54.30688983485712,0
Venu Briyani shop,restaurant,Mettupalayam Road,,11.0303174,76.9513408,41604,268,20.2,16778,10,57694,58,5,9,3,Low,6,6,2,75.94871307732754,1
Arun IceCream,restaurant,,,11.0268622,76.9504649,21721,320,18.2,8608,1,73399,1,10,10,5,High,11,7,3,50.58257627075252,0
Aaryas,restaurant,,,11.0266779,76.9510067,47518,215,5.4,15773,1,78462,18,15,1,5,Low,14,7,10,61.24593129089779,1
,cafe,,,11.0286051,76.9517848,29031,416,22.8,15002,6,7268,2,5,3,8,Low,5,6,9,65.33527708786924,1
NSR Bakery,cafe,,,11.026922,76.9454903,7732,208,10.1,5766,7,33709,15,20,9,7,Medium,7,9,7,44.38345377620172,0
Aaryas,restaurant,,,11.0258302,76.9064338,48862,31,17.7,18325,5,22733,55,10,7,4,High,7,9,8,80.05591752811328,1
Balaji bakery,cafe,,,11.0227815,76.9462056,17100,482,12.7,10210,10,59648,60,12,4,9,High,8,1,5,49.24988157708816,0
Ragam bakery,cafe,,,11.0231755,76.9464023,5713,402,10.4,13203,5,27794,31,5,10,2,High,11,7,1,36.186858488850085,0
Leiden Restaurant,restaurant,,,11.016745,76.9895644,35266,370,17.9,8837,6,63787,5,4,8,4,Medium,4,7,6,64.44130605896994,1
Hot chips,restaurant,,,10.9962112,76.9961653,20920,159,17.0,6918,3,13811,19,18,5,2,High,12,10,8,52.21478247048452,0
Hotel Arunachala,restaurant,,,11.0177033,76.9901759,48842,452,10.2,10698,6,93018,47,3,4,7,Low,6,9,1,59.46962261724582,0
Spencer's daily,supermarket,Trichy Road,Coimbatore,10.9974277,76.9994698,20121,373,24.2,15818,1,97449,20,18,7,8,Low,11,4,8,61.87559560943397,1
Bon Bon,restaurant,,,10.9974277,76.9997836,36835,206,11.3,3974,3,79539,59,5,3,4,Low,3,4,10,54.072786348947055,0
Krishna Pazhamudir Nilayam,supermarket,Trichy Road,,10.9969136,77.001191,44924,252,9.8,2854,9,23326,6,20,4,1,Low,4,9,3,61.72526796058888,1
Reliance Fresh,supermarket,,,10.9963218,76.9960634,15252,392,13.0,6010,9,38119,41,17,6,1,Medium,9,10,8,51.34110401900847,0
Krishna Bakery,bakery,Railway Station Road,,11.0804041,76.9417185,32154,393,22.0,19241,8,99412,18,8,7,7,Medium,6,6,8,74.75633170969044,1
Arun Hotel,restaurant,Mettupalayam Road,,11.1530108,76.9440675,22401,137,12.2,8396,3,98231,40,20,5,9,Low,15,10,4,46.65245570090581,0
,supermarket,,,10.9994514,76.9713472,41876,62,8.6,14175,3,32019,21,10,3,3,Low,8,2,6,57.80466224339508,0
Cheran Towers,supermarket,,,10.9983403,76.9710254,15173,271,18.5,11846,3,18185,8,11,2,7,Medium,1,6,5,44.110516509074365,0
Annapoorna People's park,restaurant,,,11.0001255,76.9712185,2099,242,9.8,10337,9,18384,27,8,6,1,Medium,1,3,6,37.49009707174562,0
,supermarket,,,11.003227,76.9753786,6689,31,13.9,13137,8,86421,51,5,7,3,High,11,4,7,45.637160092073984,0
Barista,cafe,,,11.0027663,76.9822316,42035,46,12.5,17393,4,77259,26,12,8,6,Low,10,8,3,66.14870042015275,1
Kannan Dept Store,supermarket,Railway Station Road,,11.3033179,76.9366256,16855,280,9.5,11660,4,36866,20,4,9,6,High,3,6,9,48.245008319583164,0
Vignesh Dept Store,supermarket,Railway Station Road,,11.3035904,76.9360149,35954,209,14.6,1521,5,96749,3,16,6,2,Medium,1,5,5,57.61659851210508,0
Hotel Seetha Ram Vilas,restaurant,Ooty Main Road,,11.3075067,76.9336116,13839,114,20.8,3641,7,39258,17,11,8,5,Medium,14,9,8,53.904516155677875,0
Abirami Theater,cinema,Mettupalayam-Coimbatore Road,mettupalayam,11.2951786,76.9391994,26128,333,22.7,7100,4,4388,19,18,4,5,High,7,6,6,58.51254035549093,0
Lakshmi Cinema Hall,cinema,Mettupalayam Road,,11.1700474,76.9519428,2184,240,21.6,5289,5,91160,46,9,8,6,Medium,7,7,2,38.709793963028574,0
Annapoorna Gowrishankar,restaurant,"Main Bus Stand, CBE",,11.0144639,76.9674538,23531,278,22.2,11219,4,42045,21,9,5,5,Medium,9,9,2,53.10841534843962,0
kalaiarangam,theatre,,,11.0100628,76.9508764,30879,98,21.3,5610,3,81370,57,6,2,4,High,12,3,7,54.972387812231396,0
Peking,restaurant,,,11.0095746,76.9501279,44240,132,17.9,7898,4,75185,9,17,7,9,Medium,14,4,2,66.50415741234947,1
Aroma bakery,bakery,,,11.0085602,76.9510389,36394,325,9.7,3819,8,68026,19,4,5,4,High,6,3,2,51.1563274051534,0
Ayyar & Co Pure Veg Bakery & Cake Shop,bakery,,,11.0087727,76.9504929,28574,179,10.6,10546,10,31341,38,20,3,6,Low,2,8,9,60.77215767894781,1
Aroma Bakery,bakery,,,11.0097345,76.9506846,41077,351,24.3,9113,9,51197,37,5,1,8,Low,14,2,5,69.01838206772088,1
K.R.S BAKERY,bakery,,,11.007372,76.9507503,46740,437,7.2,11222,4,8147,23,10,8,2,Medium,11,1,1,59.61044394292843,0
SUGAM HOTELS,restaurant,,,11.0077385,76.9512534,4183,24,19.4,3736,9,92900,60,7,1,2,Medium,14,9,5,37.07116780849139,0
ANANDHAS,restaurant,,,11.0085515,76.9512706,29551,352,15.6,11611,1,5429,33,17,7,2,Low,6,2,6,57.23996311261035,0
PAZHAMUDIR NILAYAM,supermarket,,,11.0070126,76.9513299,41338,216,6.3,19334,3,24719,42,12,4,2,Low,8,6,4,57.673410828942416,0
ANNAPOORNA,restaurant,,,11.0069705,76.9516839,10208,267,12.9,2500,7,51721,29,6,10,4,Low,13,8,1,38.220339966912,0
AARYAS,restaurant,,,11.0058963,76.9509109,23514,283,7.4,11674,7,34756,46,10,8,1,High,15,5,10,55.73453670988435,0
Pizza Hut,restaurant,,,11.0033266,76.951383,3318,18,12.5,8174,9,51504,47,13,1,6,Low,8,2,9,38.66962580311976,0
THAT'S Y FOOD,restaurant,,,11.0105303,76.9533949,21548,205,16.1,18372,4,60885,46,14,6,1,Medium,2,10,7,57.67469926188026,0
COCKARACO,restaurant,,,11.0106881,76.9544601,30029,474,6.5,17184,9,84270,27,4,7,7,Low,8,8,2,53.83757385580169,0
Shri Sakthi Theatre,cinema,Annur Road,Mettupalayam,11.2999479,76.9414921,10655,262,14.7,2065,5,83994,56,14,3,5,Medium,8,5,10,41.75531993884211,0
VIVEK'S,supermarket,,,11.0191127,76.9627012,3907,292,14.4,4186,8,64767,8,11,2,3,Medium,3,9,2,31.103436256421567,0
KAMALA STORES,supermarket,,,11.0205449,76.9676147,14587,469,10.8,19320,7,62928,37,1,7,7,Medium,9,8,5,47.785824743640525,0
VIVEK'S,supermarket,,,11.01896,76.9618855,42138,419,17.7,17094,7,6383,31,5,6,6,Medium,13,3,10,76.4809745283498,1
HOTEL CHERAN,restaurant,,,11.010077,76.9496225,21445,402,18.8,5023,1,83245,9,9,1,2,Medium,13,5,7,43.82269377150418,0
K.R.S BAKERY,bakery,,,11.0102086,76.94885,36092,387,24.7,11828,1,76709,16,9,3,4,Low,13,9,1,58.20860400949912,0
Nilgiri's,supermarket,,,11.0095504,76.9449769,17827,379,23.5,3487,5,80487,41,4,2,1,Low,11,5,7,48.0296646521701,0
RICH FOODS,restaurant,,,11.0149793,76.9499121,24243,86,7.6,5773,8,78616,14,5,8,2,Medium,8,8,8,51.19766762826311,0
Four Seasons,restaurant,,,11.0757923,77.0023866,8901,306,23.6,14144,1,72195,52,11,9,9,Low,4,6,10,54.95062350042824,0
Guru Amudhas,restaurant,,,11.0738286,77.0017777,10927,236,20.6,11767,9,97481,30,20,2,6,Medium,1,6,7,53.02795247666469,0
Hotel Aryaas,restaurant,,,11.0686667,77.0023034,46882,320,14.9,19421,2,36969,45,11,8,7,Low,11,1,8,75.22882037999821,1
MADHEENA SUPER MARKET,supermarket,,,10.9944026,76.9667618,19680,80,21.9,10858,5,65772,14,3,1,5,High,14,7,4,47.49109817711671,0
RHR restaurant,restaurant,,,10.9975037,76.9680636,11327,232,5.9,9820,10,90446,56,12,7,9,High,11,2,6,43.572281083910724,0
Bon bon ice creams,restaurant,,,10.9988726,76.968206,31538,138,7.5,11290,8,46631,32,8,3,1,Low,2,5,2,48.74035483965733,0
Guru Hotel,restaurant,,,10.9941795,76.9634175,6051,367,8.6,9332,2,46882,30,20,3,4,Low,10,10,10,35.793558108449886,0
Annapoorna,restaurant,,,10.9938098,76.963401,20423,74,8.8,2619,9,22537,49,11,2,7,High,13,2,5,41.402336745892114,0
Priya juice and bakes,bakery,,,10.9938515,76.9633732,40452,454,16.4,9724,8,56792,15,11,7,1,Medium,11,3,8,72.06697255795879,1
Valar Chicken,restaurant,,,10.9966817,77.0021341,32305,113,18.5,906,1,72081,9,19,8,1,Medium,13,8,5,56.623425340964516,0
My Place Restaurant,restaurant,,,11.0116134,76.9860827,2883,460,18.9,8805,3,57230,17,1,10,6,Low,13,1,2,36.80127393537274,0
Anandhaas,restaurant,,,11.0123899,76.9863269,48696,469,11.8,10148,2,54173,49,3,1,2,High,12,6,9,61.37176208023166,1
Iyengar bakery,bakery,,,10.9978197,76.9922008,46080,279,9.4,5986,4,21136,29,1,2,9,Low,7,1,3,52.03428851054246,0
CARNATIC THEATRE,cinema,,,10.9940195,76.9640378,29337,326,16.4,6582,3,46426,7,17,2,5,Low,9,10,3,49.209827472111776,0
METRO PARK-INN,restaurant,,,10.9941611,76.9635454,47792,330,7.0,10361,5,81647,11,12,4,3,Medium,4,6,3,59.255543024127036,0
AROMA BAKERY,bakery,,,10.9936377,76.960867,1103,245,14.4,3688,2,90829,11,2,6,9,Low,3,10,3,25.640551775455204,0
NASS THEATRE,cinema,,,10.9918423,76.9606784,25886,261,13.4,13948,2,75366,18,2,2,1,High,14,8,1,41.33498965475236,0
AROMA BAKERY,bakery,,,10.9923347,76.9579398,24213,192,17.0,665,2,8587,16,6,2,3,Low,11,4,5,41.38677442503699,0
ANNAPOORNA,restaurant,,,10.9950414,76.9575938,47766,368,17.3,12805,10,44284,51,13,1,4,High,11,1,5,72.95215537017874,1
Sri Santosh bakery,bakery,,,10.9982057,76.9891482,11840,95,20.9,17847,6,96122,11,9,4,7,Low,7,3,2,48.20422680455202,0
Anjali Bakes,bakery,,,11.0163792,76.9722195,11719,85,22.5,596,4,7948,8,7,9,2,Low,13,8,5,46.25412039274143,0
Bakery,bakery,,,10.9380416,76.9482079,13586,106,5.8,5880,5,26092,42,2,9,1,Low,15,8,10,41.59945088351016,0
Nilgiris Departmental Store,supermarket,,,10.9462272,76.9373707,31679,42,13.7,17629,4,23848,24,14,8,2,Medium,4,6,9,66.47588716363839,1
Raghu restaurant,restaurant,,,11.0811781,76.9837185,25897,22,17.3,10496,1,64242,59,5,2,2,Medium,10,5,4,45.482712705684364,0
Prasad,supermarket,,,11.0263435,76.9715188,12115,336,21.4,9799,1,60105,38,5,3,9,Medium,1,9,9,44.763500331535546,0
Full Moon,restaurant,,,11.0796853,77.0024122,32618,314,13.6,7555,4,39258,12,12,8,10,Medium,3,10,3,55.504746298926975,0
Mayfield Hotel,restaurant,,,10.9987746,76.9850097,1030,308,18.1,11829,5,7357,19,13,6,9,Medium,6,1,6,41.37932221858489,0
Kumar Department Store,supermarket,railway station road,,11.3036731,76.9363545,24579,96,14.4,17502,7,11108,11,19,5,2,High,11,5,6,60.25094824088962,1
Ginger cafe,cafe,,,11.1018626,76.9957296,36419,297,5.6,7340,3,2798,26,10,8,8,Low,14,7,2,49.15839044085109,0
R.K. restaurant,restaurant,,,11.1018704,76.9953058,35039,105,15.8,18292,2,35125,20,14,2,9,High,3,9,8,61.84076305035261,1
Sri ram bakery,cafe,,,11.0283824,76.9803708,39257,360,8.1,8376,2,77677,15,10,4,8,Low,12,5,7,53.66470123771722,0
The Slaves,restaurant,,,10.667635,77.0092111,22692,279,14.7,15680,4,6124,28,3,7,6,Low,14,5,2,49.25660458727388,0
Sivam Theatre,cinema,Mettupalayam to Bathirakaliamman Koil,,11.3029353,76.9348441,1451,308,17.2,12237,3,9863,19,18,8,1,High,4,3,8,44.40856914215958,0
Tuscanny Pizza,restaurant,,,11.0463405,76.9876999,37952,432,20.0,19621,5,34448,45,9,3,6,Medium,6,3,7,69.65642522754021,1
Andhra Ruchulu,restaurant,,,11.0446103,76.9859096,12009,38,14.7,17638,9,16796,13,19,1,4,Low,13,1,7,50.75781666647181,0
A. R. Bakes,restaurant,,,11.0443872,76.9856735,33875,482,14.7,15098,10,18872,2,7,9,9,Medium,1,5,2,65.79506957965229,1
,restaurant,,,11.269294,77.0099056,11136,366,21.1,12967,1,68489,6,7,2,9,High,9,9,10,45.92567370587417,0
,bakery,,,11.285078,76.9669596,32226,449,8.9,18715,1,55496,23,7,1,8,Low,2,2,5,47.813138522621074,0
Ooty's Restaurant,restaurant,perur road,,10.9457911,76.9377565,37043,366,23.4,11367,1,77336,38,9,5,1,Low,13,2,8,66.60344576435617,1
Ganga General Stores,supermarket,,,10.9483253,76.9353825,3595,362,8.0,16955,6,92424,56,7,10,4,Low,4,2,4,39.164197659518166,0
Kannan Departmental Stores,supermarket,,,11.0305225,76.9754173,45534,94,6.0,3908,4,46468,10,4,6,1,High,10,2,1,50.64059390371837,0
Premier Supermarket,supermarket,Kalapatti road,SITRA,11.0432551,77.0381478,28448,356,15.3,937,4,54905,26,19,8,6,Medium,8,9,7,56.378358916587835,0
Bakery,cafe,Meenkarai Rd,Ambarampalayam,10.6375284,76.9505144,1917,325,16.7,7259,3,91709,51,8,5,7,High,5,6,1,29.340116079052965,0
Amirtham Unavagam,restaurant,meenkarai road,Nanjegounden Pudur,10.6416605,76.9642115,35381,117,21.0,12847,4,42138,55,18,7,4,Low,14,9,3,66.51144912531423,1
Pasumai Supermarket,supermarket,Meenkarai Rd,Nanjegounden Pudur,10.641087,76.9624848,38601,235,12.9,12132,10,95030,54,11,2,5,High,7,4,2,60.17771117218953,1
Krishna Supermarket,supermarket,Meenkarai Rd,Ambarampalayam Sungam,10.6351518,76.9407671,18156,242,7.2,14804,8,59779,18,17,5,5,High,11,8,9,52.14156909821311,0
Ambara resort,restaurant,,Athupollachi,10.636436,76.9192052,9546,195,14.0,3174,9,76059,43,15,8,9,High,15,2,3,43.22459633841774,0
Murugan cinemas,cinema,Mettupalayam-Coimbatore Road,coimbatore,11.0776456,76.9419778,30413,145,23.2,17487,9,33463,9,13,9,4,Medium,7,6,5,74.86829301525985,1
Big Bazaar,supermarket,,,10.9989009,76.9824028,44072,314,11.2,13044,9,80551,55,20,9,3,High,4,9,5,74.35545837094553,1
Hotel Zone,restaurant,,,11.0113887,76.9844573,6739,441,15.0,6626,6,92775,48,5,10,8,Medium,8,8,6,43.28916428314461,0
Birds on Nest,restaurant,,,11.0089059,76.9843716,3792,359,23.7,7103,2,81357,21,3,3,4,Low,15,6,8,38.924777604229824,0
Iyangar Bakes,bakery,,,11.278066,76.9826326,41983,156,10.0,15205,10,4736,23,19,9,10,High,10,8,7,75.76576895309006,1
Moon Cafe,bakery,ooty road,,11.3173466,76.9227052,38783,286,11.3,16817,8,99543,7,9,8,1,Low,1,9,4,66.87304447519591,1
,restaurant,,,11.022178,76.9995924,35918,65,10.6,13590,9,89472,45,11,7,9,High,3,10,8,67.18980330449715,1
Sri Vidya Bakes,bakery,Mettupalayam-Coimbatore Road,,11.110644,76.9365629,46664,307,8.1,5331,9,59933,35,2,7,5,Medium,11,2,4,62.32493983971564,1
Surya Bakery,bakery,Karamadai - Kariyampalayam Road,,11.2370331,76.9698782,32055,130,12.1,19281,4,71467,47,7,9,9,Medium,11,1,6,62.537059793048456,1
Sri Prasana Lakshmi bakery,bakery,,,11.0166623,76.9702877,21739,433,25.0,1087,9,15000,47,6,2,3,Low,14,5,2,50.266010458700016,0
Avin Store,cafe,,,11.0064076,76.9606716,36367,387,20.9,5837,9,64009,21,2,4,9,Low,8,2,8,66.60874853979026,1
Kings Bakers,bakery,Siddhapudur Road,,11.0213678,76.978713,49420,385,20.6,4660,3,72738,10,12,4,7,Low,8,9,7,70.41836813327706,1
Nilgiri's,supermarket,,,10.9970453,76.9986783,2936,481,23.8,13033,5,32199,28,13,4,2,Medium,12,10,8,47.8772569927217,0
Rithi Bakes,bakery,CHIL-SEZ Road,,11.1019683,76.9889191,14761,263,21.2,15387,1,13338,59,18,8,4,Medium,13,10,7,55.506623043109784,0
Punjabi Dhaba,restaurant,CHIL-SEZ Road,,11.101873,76.9951542,15723,248,14.6,10665,10,73451,28,2,3,7,Low,8,9,3,44.53375535416095,0
Ragam Bakery,bakery,,Thudiyalur,11.0801631,76.9423273,17277,459,5.7,2095,2,92814,45,11,2,2,Medium,13,9,5,29.45696003580957,0
Waterfall Premium Tea Outlet,cafe,Pollachi - Valaparai Road,,10.4246447,76.9897437,39915,86,20.9,12614,5,49617,43,20,2,9,Medium,6,10,9,71.98930596021319,1
Shanmuga Theater,theatre,,,11.007819,76.9558525,44362,153,23.9,15108,8,86022,3,18,5,3,High,1,6,6,81.25289023653718,1
Tea shop,cafe,,,10.2552758,76.9327187,28604,352,22.3,6071,8,48665,60,13,1,3,Medium,14,3,7,60.16050502670636,1
KCE Canteen,canteen,,,10.8804912,77.0217096,30750,201,9.4,6147,5,35769,4,19,5,9,High,13,4,8,54.8811833017649,0
Parambaryam,restaurant,Thondamuthur Main road,,11.0229236,76.8881942,49422,410,5.0,19954,6,37196,39,4,9,6,High,7,1,9,73.60439714325724,1
Anjali Bakery,bakery,Maruthamalai Road,,11.0284528,76.9016464,18769,258,6.2,12998,10,69763,13,10,3,6,Low,8,3,9,49.11569900534569,0
JAYA BAKERS,bakery,Siddhapudur Road,,11.0192898,76.9759499,28555,448,19.4,5418,9,75267,3,1,6,9,Medium,15,9,8,61.4789434252204,1
jeyanthi theatre,cinema,,,11.1508118,76.9436343,12812,499,23.5,16626,9,27851,11,17,7,2,Medium,3,6,8,64.35289636756896,1
Siruvani,restaurant,Arokiasamy Street,,11.0061313,76.9500524,42908,93,20.6,7413,9,29196,59,13,10,6,Low,5,6,1,73.48845588952054,1
Kurinji Bakes & Restaurant,bakery,Kalapatti road,,11.0627549,77.0369506,45498,49,23.2,1903,4,80123,4,11,8,9,High,2,1,3,69.12057628456387,1
,supermarket,,,11.0255152,76.9061453,11696,11,6.0,11631,8,78688,44,6,4,10,High,8,1,4,36.31823571051397,0
Nilgiri's,supermarket,Maruthamalai Road,,11.0260321,76.9062543,18045,317,23.5,16226,6,36856,40,14,3,10,Low,7,4,6,58.06648796081991,0
,restaurant,Avinashi Road,,11.0246693,77.0124106,29890,371,21.0,3899,9,69893,11,17,2,9,High,13,2,8,62.9324355813919,1
,bakery,Maruthamalai Road,,11.0213824,76.9172574,35976,172,22.8,15976,10,38147,7,12,3,7,High,11,6,9,76.43616408876112,1
,bakery,,,11.0082021,76.9506435,34772,304,24.8,14214,2,43797,35,3,6,8,Low,4,5,3,63.060113932539174,1
,restaurant,Mettupalayam-Coimbatore Road,,11.0594336,76.9448811,20238,71,7.4,1363,3,46123,58,18,9,5,High,3,8,3,40.27335533735714,0
,bakery,HUDCO colony Road,,11.0788289,76.9550568,19805,92,16.7,10502,8,77976,36,16,3,5,High,9,3,5,52.49021058924252,0
breeze,cafe,,,11.020079,76.9383163,2453,355,12.4,3144,9,67841,7,13,2,10,High,14,10,5,32.46317049715677,0
,cafe,ooty road,,11.3070436,76.9338023,14737,15,19.7,12601,3,40097,22,17,9,5,Low,5,7,10,58.64360738801609,0
,cafe,,,11.3071852,76.9339672,40502,196,6.3,3862,5,64471,27,15,3,5,Medium,2,5,4,51.08422481959172,0
,bakery,Ooty-Coonoor Road,,11.3039796,76.9363532,8024,322,22.7,5740,1,41536,60,14,2,10,High,14,6,8,41.15487696509422,0
,restaurant,,,10.8885433,76.9192351,24962,317,12.8,14356,1,19506,8,8,10,9,Low,14,4,10,57.912491724665095,0
,bakery,Maruthamalai Road,,11.0216613,76.9150747,16910,101,10.3,7511,8,3840,32,6,7,8,Low,4,7,1,41.34423598278281,0
,restaurant,Thillai Nagar,coimbatore,10.9877076,76.9367498,43390,375,20.6,17120,3,87073,18,1,8,6,Low,15,2,9,75.69063242053838,1
Hotel Anjanas,restaurant,Chokkampudur Road,Coimbatore,10.9839599,76.9269808,33602,152,20.5,6274,7,99393,20,1,1,6,Medium,3,5,5,56.32174888744602,0
Ram Theatre,cinema,,,10.987608,76.9363951,19292,314,12.8,17036,7,64987,29,14,6,4,High,13,4,1,49.78554862123227,0
Subham,supermarket,Pereur Main Road,coimbatore,10.987912,76.9369225,19244,500,13.5,13131,1,96516,56,2,3,1,Low,9,10,9,44.3549387804245,0
Segar Store,supermarket,Thillai Nagar,coimbatore,10.9873504,76.9367498,36631,10,16.4,10134,10,61755,56,14,8,2,Low,5,9,3,68.34704954205203,1
Sri Murugan Store,supermarket,Thillai Nagar,coimbatore,10.9876236,76.9367569,34270,286,24.2,14077,8,9008,18,15,2,10,Low,1,5,6,70.15996463157798,1
Oviyas,supermarket,perur road,coimbatore,10.9877006,76.938284,18926,486,16.5,16273,9,43621,23,8,9,6,Medium,7,3,8,62.60690251912124,1
,restaurant,,,11.0138863,76.9537158,40676,96,23.9,14602,10,16978,22,9,8,5,Medium,9,9,6,81.16843596861494,1
,restaurant,,,11.0199244,76.9397549,47708,408,24.2,7906,8,97718,30,8,2,9,Medium,1,9,9,77.72639797370671,1
,cafe,,,11.0163037,76.972021,43221,461,7.9,10832,10,35869,34,16,10,8,High,10,8,10,76.011053784438,1
,cafe,Avinashi Road,,11.0228034,77.0025825,35349,456,10.0,16981,10,55539,59,15,2,10,Medium,9,8,4,61.010808359436766,1
,bakery,,,11.0081712,76.9509903,18838,282,13.0,12623,7,73300,3,7,2,8,Low,9,7,7,47.66607932245004,0
,bakery,CHIL-SEZ road,,11.1014756,76.9887768,34126,34,14.5,11743,9,37228,2,10,4,4,Low,9,6,2,58.87944812910053,0
,restaurant,,,11.0213201,76.9169139,32580,166,17.7,10916,6,47178,33,8,4,1,Medium,10,1,7,61.44251344146711,1
,sports,,,11.0058786,76.9483205,41386,60,19.9,15976,10,26744,60,14,8,5,Medium,5,2,7,81.40414896482888,1
,bar,Diwan Bhadur Road,,11.0138042,76.9501279,30091,425,21.0,13701,1,99451,25,2,7,8,Medium,10,8,4,57.23547045896361,0
,bakery,,,11.0283603,76.9029956,20556,196,10.5,18441,2,10918,56,12,1,5,Medium,1,5,7,45.034698203852344,0
,bakery,,,11.0181758,76.9910571,30755,443,22.9,16418,6,20681,26,11,4,3,Medium,6,6,6,66.83202309142423,1
Kounder biriyani,restaurant,,,10.955254,76.7922408,5866,393,15.1,4156,8,96467,24,15,10,8,Medium,7,3,6,46.02005830761262,0
,cafe,,,10.9818846,76.7050724,2900,254,21.7,5250,10,58169,13,15,8,1,Medium,3,8,6,49.771579355525695,0
Madhushalini chettinad vunavagam,restaurant,,,10.9555785,76.7919885,33275,126,21.0,14985,1,18453,47,12,7,3,Medium,11,5,5,63.6083301016789,1
,cafe,,,10.981074,76.7072155,29760,211,9.0,13543,2,46693,24,7,2,8,Medium,1,10,4,44.57452808242322,0
,cafe,,,10.9817426,76.7055902,6351,56,23.4,11957,9,10102,24,9,6,5,Low,15,7,8,54.40913843178057,0
,cafe,,,10.9831204,76.7012459,29244,84,10.0,13458,9,69999,49,8,7,1,High,2,5,10,63.220636170656455,1
,cafe,,,10.9829132,76.6996998,3039,418,24.6,3012,5,60897,44,11,9,4,High,2,10,1,41.06732502694863,0
,bakery,,,11.0266188,76.9034919,42308,93,11.8,9883,1,46731,8,19,8,1,High,8,5,6,63.766193709332065,1
,cafe,Sambandam Road,,11.0087419,76.9528507,42921,65,18.3,11825,1,35517,11,1,4,10,Low,13,9,1,56.86864375277815,0
,restaurant,,,11.0465331,76.9886353,35163,131,6.3,13953,10,56667,9,14,9,6,High,10,2,1,60.15308427110965,1
Rajasthan Inji Tea Kadai,cafe,,,11.005848,76.9460055,19159,272,7.1,1959,5,39842,19,2,1,10,Medium,3,5,6,32.57654588833971,0
Hotel Usthad,restaurant,,,11.0058755,76.9457973,23195,327,7.0,18783,6,73483,41,8,10,9,High,6,9,2,51.253872833437654,0
,bakery,vcv road,,11.00933,76.9576465,19273,220,8.7,15220,10,64010,56,14,10,6,Medium,3,2,9,60.582151947939856,1
,bakery,vcv layout,,11.0095508,76.9579603,32425,172,24.5,4943,2,88005,46,19,3,9,Low,11,10,10,64.5306004391251,1
,bakery,,,11.0026468,76.956196,12766,440,9.9,19762,7,31060,34,14,6,2,Medium,4,9,9,52.2623027072335,0
Aasai Bakery,cafe,,,11.00785,76.9446894,23698,265,18.9,13226,3,20182,38,8,8,7,High,4,7,5,56.341159121096865,0
Aavin,cafe,,,11.0078487,76.9450908,49434,111,12.0,3726,5,7172,56,18,4,4,Medium,11,2,7,66.58009410581461,1
Aaradhana Bakery,cafe,,,11.0076843,76.944915,30321,275,11.2,9997,1,437,6,15,6,1,Low,13,4,4,49.95024291018482,0
Indian Bakes,bakery,,,11.2692662,77.0106716,40809,302,23.9,17164,9,13422,9,12,9,9,High,5,1,1,78.29551327302198,1
Varna bakery,bakery,,,10.9904686,76.9609217,36597,433,21.2,15144,1,26792,55,20,4,2,Medium,6,10,7,67.17401813444133,1
Ideal Supermarket,supermarket,,,10.988663,76.9413226,47294,125,23.7,7842,4,73333,18,18,6,10,Medium,12,3,10,80.5044488364409,1
Hotel Sri Surya,restaurant,,,10.9970139,76.996724,6098,357,19.2,4985,4,60115,54,10,2,7,High,6,8,2,32.62795609035357,0
,theatre,,,10.6676894,77.0193946,38904,411,20.4,7372,1,46030,33,17,10,1,High,14,2,10,72.504379713307,1
JMR cafe,cafe,,,10.9387223,76.9566781,4392,124,16.4,10672,2,1480,6,6,3,9,High,8,3,9,37.04350064439627,0
,restaurant,,,11.0250024,76.9027098,36779,282,24.6,6494,3,135,34,18,2,1,Low,6,8,10,68.18648083506223,1
Shree Anandhaas,restaurant,Maruthamalai Road,,11.0285643,76.901068,42841,248,19.1,13632,6,15993,1,18,2,8,Medium,7,6,8,72.60821202952478,1
Kalpaka Supermarket,supermarket,,,10.9528636,76.9537818,14308,222,16.6,7611,2,60049,28,17,6,3,Medium,13,2,3,42.36247756073389,0
,restaurant,,,11.0211893,76.995132,13385,370,22.8,11467,8,44596,40,10,6,3,Medium,11,3,8,57.858654153678245,0
Amirtha Bakers,bakery,,,10.8708345,76.8885331,39489,288,14.8,654,6,55451,53,1,3,7,High,4,10,10,59.06724270092322,0
S.K. supermarket,supermarket,,,10.9964967,76.9959744,27964,160,13.4,8700,10,72796,50,14,1,8,High,10,10,5,54.15991883614908,0
Hema's Kitchen,restaurant,,,10.9901417,76.9991115,37821,313,14.9,9881,10,21686,34,10,4,3,High,2,2,8,67.85347455764982,1
,supermarket,,,11.0155497,77.0236808,24059,256,15.3,14112,7,77475,44,16,5,7,High,5,4,10,62.157946089056225,1
Brookefields Mall,mall,Krishnaswamy Road,,11.0088739,76.9593964,28162,113,20.1,915,3,10894,40,13,10,9,Low,2,10,1,53.50708149272665,0
,supermarket,,,11.0167596,76.9633047,34757,71,12.7,8904,7,90953,14,19,3,8,High,6,10,7,60.70849062450132,1
,supermarket,,,11.00661,76.9772383,13195,465,11.9,1836,4,84106,40,12,5,7,Medium,4,2,9,40.67901838196484,0
Geetha Cafe,restaurant,,,10.9982256,76.9691084,34090,141,11.4,3908,9,98952,50,5,4,7,Low,3,9,8,57.197710554047454,0
Peppervine Eatery,restaurant,,,10.9785527,76.735724,44090,279,21.1,5959,10,9321,43,1,1,1,High,12,3,5,66.98739511477154,1
Moondraam Pirai Eatery,restaurant,,,10.9759949,76.7370934,46683,442,9.4,13641,10,40725,34,16,10,7,Low,5,4,10,81.04282182923538,1
ruchi bakery,bakery,sorkkavaasal street,,11.2426812,76.9592845,27611,78,8.7,911,9,94498,44,17,3,7,High,7,2,8,50.99927657404216,0
iswarya bakery,bakery,,,11.0812737,76.9443911,49427,58,11.2,3671,6,92619,34,15,1,9,Medium,12,8,5,61.15762943567292,1
sri mahalakshmi bakers,bakery,,,11.2352161,76.9771393,36901,73,12.6,14493,3,79748,49,4,2,8,Low,1,4,2,51.18062310096586,0
krishna bakery,bakery,,,11.242791,76.9586612,8061,14,8.2,4077,5,53962,18,14,9,4,High,5,6,2,33.74736684207033,0
krishna bakery,bakery,,,11.2427648,76.958608,9475,472,12.2,8227,2,43696,49,12,5,9,High,3,1,4,34.51720775905294,0
Shree Alampata Hotel,restaurant,Coimbatore-Mettupalayam Road,Coimbatore,11.07749,76.9411244,21065,324,9.4,12755,9,80085,37,3,1,7,Medium,3,4,9,48.41153689180396,0
,cafe,,,11.0090324,77.0203214,11546,439,7.2,11233,6,25481,32,11,10,7,Low,3,3,10,48.2237496482773,0
sri selvanayaki bakery,bakery,NSR Road,coimbatore,11.0268728,76.9511085,28542,308,12.3,14427,2,91026,14,19,10,4,Medium,10,6,1,54.80472529234268,0
Haryana Dhaba,restaurant,,,11.046157,77.0784461,9769,166,16.8,7448,9,95626,23,20,6,10,Medium,10,2,7,51.012663365763665,0
nila bakes,bakery,,,11.0801998,76.942176,5306,185,23.5,17787,6,49236,51,14,5,9,High,7,5,9,54.92916814821688,0
Reliance mart,supermarket,,,11.0732277,76.9417595,1048,396,10.9,3024,2,60905,10,11,5,5,High,1,10,5,25.71927640252317,0
Dev narayanan rajasthan ginger tea,tea,,,11.0807651,76.9427143,25151,78,5.6,16652,2,78289,29,20,2,8,Low,3,8,10,49.43547261853081,0
Ravuthar biriyani hotel,restaurant,,,11.0802601,76.9426889,29553,166,11.1,17929,10,80410,45,6,10,4,High,2,6,3,63.05764592633917,1
subanna biriyani,restaurant,,,11.0806218,76.9432463,35761,148,8.7,3416,7,4072,59,13,10,4,Low,11,6,10,63.961147650799745,1
lakshmi catering service,restaurant,,,11.0803714,76.943308,21767,356,14.1,6610,7,33039,49,3,5,7,High,1,4,2,44.58348164803695,0
sona bakery,bakery,,,11.2418207,76.959418,33590,49,18.3,12593,6,97667,22,4,1,2,Medium,2,7,1,53.4701303051633,0
,restaurant,Vilankuruchi Road,,11.0368301,77.0153197,19095,414,5.3,1033,6,58098,39,20,6,5,Low,3,9,3,38.12766688239414,0
lakshmi pazhamudir and supermarket,supermarket,Mettupalayam-Coimbatore Road,,11.1380385,76.9403792,41505,11,23.3,16189,8,47033,13,12,6,7,Low,9,1,5,77.81421614314522,1
,tea,,,11.2369177,76.9231567,36223,78,15.5,13436,10,48613,53,3,6,4,Low,14,2,1,62.246181320664476,1
,supermarket,,,11.0517202,76.946457,24367,266,8.7,7668,7,81109,2,9,1,6,High,2,9,4,42.11417447596212,0
sri prarthanas restaurant,restaurant,,,11.1962323,76.9624811,25130,77,10.7,12027,5,29999,31,10,6,2,High,14,7,5,50.68293778421078,0
sri mayilaambika bakery,bakery,Mettupalayam-Coimbatore Road,,11.1144657,76.9359306,26973,335,5.9,13655,6,56475,11,9,1,2,Medium,10,6,4,43.699249813431,0
sri saravana bakery and fruits,bakery,,,11.149501,76.9440176,31339,115,7.5,13146,8,2097,40,2,1,9,Medium,11,6,3,47.03115793267521,0
A.R.S.Bakery,bakery,,,11.1756869,76.9544592,48038,240,7.9,15264,7,5618,35,11,1,9,Low,9,2,7,65.35493925610194,1
,tea,,,11.1671212,76.9505389,6413,489,9.8,2554,2,14161,57,12,1,1,Low,1,7,2,21.610211340445158,0
vinayaga bakery,bakery,,,11.2290513,77.0273819,9560,32,7.7,5479,1,64759,25,2,10,3,High,6,2,6,33.09955574786019,0
,cafe,,,11.0170532,76.9665207,48449,371,15.2,11009,1,66905,29,4,6,7,High,15,8,2,61.60030954713556,1
sri kumaran bakery,bakery,Coimbatore-Mettupalayam Road,,11.1274211,76.9350596,31863,298,6.4,1599,10,33284,19,1,9,2,High,2,4,4,51.48124366325422,0
,cafe,Cross Cut Road,,11.0170127,76.9674361,23250,242,24.5,2305,4,14565,44,9,9,8,Low,15,8,1,53.28438946125591,0
,cafe,Cross Cut Road,,11.0170784,76.9680231,37518,408,22.5,15608,9,77088,50,8,6,10,Medium,14,6,9,78.09142063014363,1
,cafe,Sathyamurthi Road,,11.0140674,76.963758,41907,117,15.9,5131,2,21810,6,7,8,10,Medium,13,8,4,60.38394331033636,1
saravana stores,supermarket,,,11.0362604,77.0379491,35818,406,6.8,10990,1,96832,25,15,6,3,High,12,6,1,47.77678820691034,0
Reliance Fresh,supermarket,Mettupalayam-Coimbatore Road,Periyanaickenpalyam,11.156079,76.9441567,8446,497,22.9,11011,4,59558,54,8,10,1,Medium,12,6,3,48.7519294130035,0
,restaurant,,,10.8705292,76.8867232,2162,110,22.4,8666,8,91132,7,5,2,9,Medium,8,5,3,38.0267824607436,0
thirupathi super market,supermarket,,,11.232575,76.9003323,6149,98,8.7,16762,4,63372,30,13,3,7,Medium,10,10,5,34.915740146743055,0
,restaurant,Coimbatore-Mettupalayam Road,,11.0583657,76.9450173,49622,428,7.3,11243,2,83470,35,2,1,8,Medium,15,4,4,53.71889280901318,0
,restaurant,Coimbatore-Mettupalayam Road,,11.0529533,76.9458078,17823,271,8.4,14062,2,16558,15,1,9,3,High,3,3,9,46.496553209337094,0
timepass bakery,bakery,Karamadai - Velliangadu Road,,11.2257847,76.8919234,38070,147,10.7,1941,10,81956,11,19,7,1,Medium,6,3,5,62.938667837721205,1
,restaurant,,,11.0100388,76.9499427,43719,391,21.5,7390,3,33868,50,12,5,1,Low,1,8,2,64.51477701893181,1
Kanna biriyani center,restaurant,,,11.0790403,76.941479,17693,209,14.6,2905,1,67378,23,2,1,8,Medium,13,3,8,36.02416941488881,0
mani hotel,restaurant,Mettupalayam Road,coimbatore,11.0791604,76.9414212,22890,156,22.9,5078,9,29044,13,11,10,9,High,1,9,7,65.64202022570971,1
sri saravana bakery,bakery,Mettupalayam Road,coimbatore,11.0786532,76.941483,9609,313,16.9,9986,10,73181,50,15,6,1,Low,3,9,3,48.00255966667601,0
Cafe Coffee Day,cafe,"Race Course Rd, Thomas Park, Near, Gopalapuram,",Coimbatore,11.0022221,76.9823828,39122,164,17.5,7850,2,80847,14,10,2,10,Low,12,3,7,58.82657036685006,0
,restaurant,Ooty-Coonoor Road,,11.303542,76.9371385,32754,388,24.3,4063,1,96618,54,1,7,10,High,7,10,9,61.659945999731605,1
nile supermarket,supermarket,,,11.0581416,77.0149123,34811,104,15.0,16398,10,93705,49,9,9,4,Medium,10,1,2,67.84193842238211,1
Star Hotel,restaurant,,,11.1156878,76.749236,36178,496,17.8,16330,7,33016,42,7,2,1,Low,13,7,9,67.50500890081075,1
Kumaran Bakery,bakery,,,11.1162481,76.7483109,20091,391,19.3,2298,8,71067,50,9,8,9,Medium,4,8,8,56.90900630517548,0
,restaurant,,,10.4888441,76.9724337,41557,48,8.4,8559,7,96210,47,16,5,4,High,7,5,3,59.10683088173238,0
A1 Bakery,bakery,,,11.0205296,77.0225335,10254,360,13.9,16572,10,73154,58,11,9,8,High,12,1,4,52.35476844733364,0
,restaurant,,,11.0139271,76.9879702,37761,187,15.4,2919,3,3051,50,1,8,2,Low,10,9,7,58.472438877868896,0
,restaurant,Kalapatti road,,11.0440415,77.0379491,15844,305,5.7,16885,2,46248,33,6,8,10,High,1,7,7,42.615646871714766,0
,tea,Karamadai - Kariyampalayam Road,,11.2382436,76.9961156,21150,402,15.3,9851,10,60410,45,7,5,1,Low,8,1,10,58.73570506703999,0
star sports,sports,,,11.3026476,76.9380821,7063,391,21.3,9970,7,77082,52,15,9,9,Low,1,5,8,54.7318777317504,0
,restaurant,,,11.0210455,76.9403248,9068,30,11.3,16477,2,18560,45,6,9,5,Low,5,2,9,45.14674303734327,0
,sports,,,11.0157161,76.8852146,23990,110,22.4,12218,10,27347,6,7,9,10,Low,4,7,2,63.59045040661157,1
,supermarket,,,11.1691733,76.9555784,31433,266,15.7,18710,3,8739,40,12,3,1,High,14,9,7,59.94538839583107,0
Dennis supermarket,supermarket,,,10.9535912,76.9538094,8593,246,14.2,18638,3,18913,9,6,3,2,Medium,15,9,2,36.21714744388217,0
Kovai Pazhamudhir Nilayam,supermarket,,,10.9532014,76.9534124,33712,159,6.6,11645,9,8550,3,5,2,5,High,5,8,7,53.97045980169738,0
Velan Tea Desk,cafe,,,11.0003783,76.9734547,25783,388,24.8,6036,4,95850,48,2,7,9,Medium,4,5,10,62.41775112839352,1
TN-43,restaurant,,,11.2497519,76.9563425,34530,74,21.9,14829,7,53417,1,2,6,9,Medium,14,7,1,63.628878757509725,1
Restpark Bakery,tea,Tholampalayam Road,Thimmampalayam pudur,11.2357643,76.9375522,13367,495,12.3,18112,4,41405,23,9,5,2,Medium,11,4,1,40.526210243369306,0
Iyyengar Bakery & sweets,bakery,Avinashi - Mettupalayam Road,,11.2781084,76.9819001,49210,313,19.8,19287,8,39308,16,16,2,7,Medium,4,4,4,77.96168973094076,1
Instamart,supermarket,,kangeyampalayam,11.0276423,77.1527528,27639,213,16.6,1970,1,11376,4,17,3,1,Medium,2,9,2,43.86960232887974,0
,tea,kittampalayam road,,11.2631849,76.9311878,14913,414,22.0,13941,10,27717,50,5,10,4,High,11,4,10,66.27838398081727,1
M.K BAKES,bakery,Karamadai - Tholampalayam Road,,11.2227474,76.889192,46852,49,24.5,19260,5,57448,10,8,10,1,Medium,9,2,10,89.05712934175153,1
,bakery,,,11.2525292,76.9552906,27897,295,11.5,13274,6,52665,13,16,7,3,High,6,1,4,56.3852788650979,0
,cafe,,,11.2645044,76.9216582,40466,271,8.6,4614,4,66549,44,19,3,7,High,12,2,9,58.27588505951309,0
Amudha Surabhi,restaurant,Coimbatore - Anaikatti Road,,11.0255799,76.9347383,11330,461,19.7,19124,8,71730,13,13,8,9,Low,4,10,1,53.52710589586409,0
NSR Bakery,bakery,,,11.01607,76.9247695,18743,325,16.9,18234,5,38361,22,7,4,5,Low,12,3,5,51.53152955326168,0
Aavin,cafe,,,11.0145393,76.9268168,19369,219,24.1,9279,10,32316,1,11,6,1,Low,14,4,10,66.24202152431337,1
Sri Ganesh Bakery,cafe,,,11.0172902,76.9226414,3378,317,20.3,12785,9,64139,47,3,10,8,Low,10,6,4,48.762451600170394,0
Dindigul Thalappakatti Restaurant,restaurant,,,11.0615229,77.0866323,36598,83,7.8,13153,7,10078,31,3,5,3,Low,14,1,8,59.206923388153484,0
Annapoorani Canteen,restaurant,,,11.0110618,77.0930298,48477,415,18.4,9571,5,61874,31,6,8,10,High,12,9,7,74.95925713218263,1
Sri Subbu Aradhana Mess,restaurant,,,11.0120071,77.0848215,11059,490,17.4,13280,6,74371,36,9,5,7,Low,5,2,10,51.5686204680231,0
Broadway Cinemas,cinema,,Coimbatore,11.0460106,77.0415375,16778,138,17.6,6908,10,43121,58,1,8,6,High,7,8,7,54.539616903923125,0
Sri Aaditya Restaurants,restaurant,"Murugan nagar, HUDCO colony",கோயம்புத்தூர்,11.0342893,77.0034867,18650,461,9.1,15842,1,91973,47,1,9,3,Low,13,7,6,44.5276554814345,0
HAPPENINGS LOUNGE BAR,bar,NALVAR NAGAR (SOUTH),COIMBATORE,11.0335389,76.8843185,16988,185,17.7,7992,3,70491,16,5,8,3,Low,3,10,8,50.30990460765265,0
Kovai Durbar,restaurant,,,11.0529945,77.0387704,7653,440,11.2,15817,10,33225,7,19,3,8,Medium,15,5,8,47.99522469064368,0
S.K Bakes,bakery,,,11.0333875,77.0767221,2527,211,8.1,13253,3,14772,48,12,6,10,High,1,8,6,32.89113611860422,0
Tea Shop and Bakery,cafe,,,10.6807167,77.0392106,36354,85,22.6,1650,8,18501,15,1,3,1,Medium,5,4,4,59.61132002302958,0
Kovai Gate,restaurant,,,11.00112,77.0661808,20869,95,15.0,17552,8,94206,42,11,2,7,Low,12,2,7,55.158330477841645,0
Kaapi 2.0,cafe,,,11.0010379,77.0661236,6966,500,10.0,16780,3,19141,27,2,2,3,High,5,2,6,32.78680962713331,0
Sri Divya Bakes,cafe,,,11.0707144,77.1034592,45937,421,5.5,16051,10,13387,12,8,3,9,Medium,4,7,8,67.60826391107054,1
,restaurant,,,11.0433998,77.0781206,9155,217,10.3,5719,6,69043,40,9,9,6,Low,15,4,3,37.766258654954015,0
Magizh Garden Restaurant,restaurant,,,10.995214,77.0608574,10242,168,22.2,11451,7,60229,34,10,8,4,High,10,6,6,54.16996353649524,0
Sri Divya Bakes,restaurant,,,11.0917541,77.1398745,19951,234,8.7,18469,7,47435,31,18,3,9,Medium,10,3,7,51.685120339447025,0
MDS,restaurant,,,10.993535,77.0588204,36456,414,11.0,8317,5,74247,26,6,6,1,Medium,10,4,8,58.993923316724675,0
MDS Bakes,restaurant,,,11.0020155,77.067235,34051,315,24.0,3443,7,38174,30,11,1,7,High,9,1,1,56.517367471441126,0
Joji Restaurant,restaurant,,,10.9976871,77.0628899,4908,141,16.2,18405,2,71986,51,5,3,9,Low,15,4,2,33.8702080317569,0
MDS Bakes,restaurant,,,11.0567194,77.0846726,16060,347,19.4,4844,8,55520,45,20,1,10,High,4,10,3,46.19250712207325,0
Ravi Store,supermarket,,,11.0300828,76.9472406,30473,40,10.0,11324,8,69745,34,7,9,2,Medium,14,7,8,61.761700149385746,1
Tea Shop and Bakery,cafe,,,10.7040183,77.0566891,20590,339,11.1,2525,10,33480,5,11,10,9,Medium,12,5,3,50.312158798593444,0
,theatre,,,10.5338587,76.9873238,15263,82,14.8,13577,9,55889,60,2,2,5,Low,3,6,1,41.831028132384084,0
,cinema,,,10.5338496,76.9873181,12153,233,17.4,2028,10,29713,17,14,7,7,High,1,2,7,50.945649997655295,0
SBI,restaurant,,,10.9620399,76.9898637,39657,474,9.5,5911,6,76788,53,2,9,9,Low,9,2,3,56.82943277169474,0
Dev narayanan tea stall,tea,,,11.2784517,76.9824481,19216,140,16.3,7034,4,5766,39,6,6,3,Medium,9,9,7,48.51980596935759,0
Bay Grill Restaurant and Cafe,restaurant,,,10.9183046,76.9862353,49731,474,19.9,7304,10,76303,43,20,8,5,Medium,11,4,5,82.40117235949927,1
MDS Bakery,bakery,,,10.8629775,76.8729698,49556,425,10.1,7549,8,15571,24,10,3,10,Low,15,4,6,66.061422900735,1
MDS Bakery,bakery,,,10.896513,76.9576326,34426,275,8.4,15728,5,66196,8,4,8,2,Medium,9,1,2,54.70659605792385,0
Nahdi Mandi Restaurant,restaurant,"Palakkad Main Road, Kuniyamuthur",Coimbatore,10.9661811,76.9557975,31948,194,5.4,7074,2,68802,32,9,7,1,Low,14,1,3,44.48456990203641,0
Marwa Super Market,supermarket,"Amman Kovil Road, Kuniyamuthur",Coimbatore,10.9668795,76.9519069,11779,66,5.6,9362,3,61274,21,20,4,7,Low,7,5,7,36.41923545510225,0
NS Bakes,bakery,"Palakkad Main Road, Kuniyamuthur",Coimbatore,10.9635112,76.9550088,23181,225,24.0,2218,1,81893,1,16,6,7,Low,11,9,6,53.542476619344505,0
Sri Divya Bakes,cafe,,,11.0722861,77.1072797,6253,288,12.7,7529,2,20105,42,1,9,6,High,10,10,4,33.56141665208218,0
Sri Divya Bakes,cafe,,,11.0724244,77.1074386,13080,386,9.0,12621,9,76089,54,7,10,1,Low,10,10,9,52.43342878860842,0
Shree Aanandhas Hotel,restaurant,,,11.0400865,77.0406274,19934,201,10.5,11368,8,41397,41,16,1,10,Medium,12,1,7,48.05453226919886,0
Shooters,bar,,,11.043506,77.0465784,18886,275,16.0,7552,1,6581,59,9,7,6,High,2,8,5,45.058342967006446,0
Haribhavanam,restaurant,,,11.0436933,77.0465305,16744,301,20.2,17363,10,99929,33,20,2,2,Low,5,6,1,54.58536168153846,0
KVK Bakes & Restaurant,restaurant,,,11.0457521,77.0778414,3270,356,22.4,4796,6,20766,44,17,6,7,Low,6,5,10,48.86312340944037,0
cheran super market,supermarket,,,11.1340882,77.0339388,42494,163,14.6,8844,2,21960,19,13,6,2,Low,5,1,9,66.11572996564553,1
guna mess,restaurant,,,11.1354308,77.034791,3907,468,13.1,3957,2,46710,14,9,2,5,High,14,7,8,29.44867229932023,0
Pazhamudir,supermarket,,,11.0791837,77.003195,43107,276,6.7,4861,4,24448,12,3,6,9,Medium,12,10,10,58.728850551338795,0
Amma Mess,restaurant,,,11.0693219,77.0031253,14154,261,6.5,14504,8,71367,13,19,3,6,High,2,5,10,48.12909474945995,0
Tea Shop,cafe,,,10.8302613,77.0369006,30075,330,8.9,5624,9,23094,33,13,10,2,High,6,5,2,55.24645758329159,0
Green Hills Restaurant,restaurant,,,10.3279064,76.9565101,16026,422,16.4,6799,8,88975,5,11,5,4,Medium,3,1,3,46.49845436535961,0
RGS Sores,supermarket,,,11.0864875,77.0677193,10454,121,16.1,14292,1,71567,16,10,10,10,High,13,9,8,48.86217681229775,0
,supermarket,,,11.0858423,77.0669108,17653,260,14.5,10606,9,39163,3,16,9,3,Low,1,2,6,57.27553869909756,0
CVC BACKERY,bakery,,,11.1328063,77.0421296,11830,165,13.5,18995,10,5378,6,14,10,10,Medium,10,3,3,55.10254822753866,0
Al-Reem Mandi,restaurant,,,10.9506359,76.9537278,45997,497,15.0,10007,10,39976,45,18,9,5,Medium,11,3,1,73.72130821067702,1
Shree Anandhaas,restaurant,,,11.0106514,76.9877003,15497,28,10.5,15560,3,96014,11,4,8,2,High,15,7,7,46.048656438586235,0
Hari Bhavanam,restaurant,,,11.0224126,76.995882,27401,246,9.5,18696,1,90834,34,18,4,4,High,6,3,4,49.65523824387185,0
Annapoorna - Kuniyamuthur,restaurant,"Aparna Bus Stop, Kuniyamuthur",Coimbatore,10.9560206,76.9540742,48626,142,12.8,19191,1,29105,14,19,5,6,High,1,8,10,74.65467276079332,1
Saravana Bhavan,restaurant,,,10.9179855,76.9866804,43200,222,10.7,4698,4,71774,9,7,10,10,High,3,10,6,62.9122795996118,1
,restaurant,,,10.8994673,76.968588,24244,40,22.5,10392,7,47219,39,5,2,2,Medium,14,9,10,60.43319190572991,1
The Chocolate Room - Avinashi Road,restaurant,"Indira Nagar, Civil Aerodrome Post",Coimbatore,11.0437352,77.042106,31189,213,12.4,7006,9,8662,1,1,10,10,Low,2,1,8,62.51905334783656,1
Balle Balle,restaurant,,,11.0229528,76.9441555,32611,28,16.9,5090,10,45795,7,18,1,4,Medium,15,6,5,59.40450373964025,0
Sri Devaki Hotels,restaurant,,,10.5483472,76.9994232,38347,28,20.2,11395,4,48132,8,9,10,7,Medium,2,3,3,67.97051542830825,1
Suvadugal Cafe,cafe,,,10.9427798,76.9332755,37126,89,12.8,10202,3,6927,52,5,5,1,High,10,10,2,52.59771803575614,0
Chai & Chai,tea,,,11.0046849,76.9501135,15296,204,7.6,3606,6,64550,22,11,10,6,Low,6,4,9,46.34714105585264,0
Tea Shop,cafe,,,10.9982287,77.0186425,22679,28,23.1,1340,8,32728,40,14,5,7,Medium,6,8,4,55.53097320392006,0
